[
    {
        "model": "bookstack.book",
        "pk": 1,
        "fields": {
            "title": "0",
            "pages": 1729,
            "isbn": "0000000000",
            "img": "",
            "authors": [
                1
            ],
            "publishers": [
                1
            ]
        }
    },
    {
        "model": "bookstack.book",
        "pk": 2,
        "fields": {
            "title": "1",
            "pages": 1729,
            "isbn": "0000000001",
            "img": "",
            "authors": [
                1
            ],
            "publishers": [
                1
            ]
        }
    },
    {
        "model": "bookstack.book",
        "pk": 3,
        "fields": {
            "title": "2",
            "pages": 1729,
            "isbn": "0000000002",
            "img": "",
            "authors": [
                1
            ],
            "publishers": [
                1
            ]
        }
    },
    {
        "model": "bookstack.book",
        "pk": 4,
        "fields": {
            "title": "3",
            "pages": 1729,
            "isbn": "0000000003",
            "img": "",
            "authors": [
                1
            ],
            "publishers": [
                1
            ]
        }
    },
    {
        "model": "bookstack.book",
        "pk": 5,
        "fields": {
            "title": "4",
            "pages": 1729,
            "isbn": "0000000004",
            "img": "",
            "authors": [
                1
            ],
            "publishers": [
                1
            ]
        }
    },
    {
        "model": "bookstack.book",
        "pk": 6,
        "fields": {
            "title": "5",
            "pages": 1729,
            "isbn": "0000000005",
            "img": "",
            "authors": [
                1
            ],
            "publishers": [
                1
            ]
        }
    },
    {
        "model": "bookstack.book",
        "pk": 7,
        "fields": {
            "title": "6",
            "pages": 1729,
            "isbn": "0000000006",
            "img": "",
            "authors": [
                1
            ],
            "publishers": [
                1
            ]
        }
    },
    {
        "model": "bookstack.book",
        "pk": 8,
        "fields": {
            "title": "7",
            "pages": 1729,
            "isbn": "0000000007",
            "img": "",
            "authors": [
                1
            ],
            "publishers": [
                1
            ]
        }
    },
    {
        "model": "bookstack.book",
        "pk": 9,
        "fields": {
            "title": "8",
            "pages": 1729,
            "isbn": "0000000008",
            "img": "",
            "authors": [
                1
            ],
            "publishers": [
                1
            ]
        }
    },
    {
        "model": "bookstack.book",
        "pk": 10,
        "fields": {
            "title": "9",
            "pages": 1729,
            "isbn": "0000000009",
            "img": "",
            "authors": [
                1
            ],
            "publishers": [
                1
            ]
        }
    },
    {
        "model": "bookstack.book",
        "pk": 11,
        "fields": {
            "title": "10",
            "pages": 1729,
            "isbn": "00000000010",
            "img": "",
            "authors": [
                1
            ],
            "publishers": [
                1
            ]
        }
    },
    {
        "model": "bookstack.book",
        "pk": 12,
        "fields": {
            "title": "11",
            "pages": 1729,
            "isbn": "00000000011",
            "img": "",
            "authors": [
                1
            ],
            "publishers": [
                1
            ]
        }
    },
    {
        "model": "bookstack.book",
        "pk": 13,
        "fields": {
            "title": "12",
            "pages": 1729,
            "isbn": "00000000012",
            "img": "",
            "authors": [
                1
            ],
            "publishers": [
                1
            ]
        }
    },
    {
        "model": "bookstack.book",
        "pk": 14,
        "fields": {
            "title": "13",
            "pages": 1729,
            "isbn": "00000000013",
            "img": "",
            "authors": [
                1
            ],
            "publishers": [
                1
            ]
        }
    },
    {
        "model": "bookstack.book",
        "pk": 15,
        "fields": {
            "title": "14",
            "pages": 1729,
            "isbn": "00000000014",
            "img": "",
            "authors": [
                1
            ],
            "publishers": [
                1
            ]
        }
    },
    {
        "model": "bookstack.book",
        "pk": 16,
        "fields": {
            "title": "15",
            "pages": 1729,
            "isbn": "00000000015",
            "img": "",
            "authors": [
                1
            ],
            "publishers": [
                1
            ]
        }
    },
    {
        "model": "bookstack.book",
        "pk": 17,
        "fields": {
            "title": "16",
            "pages": 1729,
            "isbn": "00000000016",
            "img": "",
            "authors": [
                1
            ],
            "publishers": [
                1
            ]
        }
    },
    {
        "model": "bookstack.book",
        "pk": 18,
        "fields": {
            "title": "17",
            "pages": 1729,
            "isbn": "00000000017",
            "img": "",
            "authors": [
                1
            ],
            "publishers": [
                1
            ]
        }
    },
    {
        "model": "bookstack.book",
        "pk": 19,
        "fields": {
            "title": "18",
            "pages": 1729,
            "isbn": "00000000018",
            "img": "",
            "authors": [
                1
            ],
            "publishers": [
                1
            ]
        }
    },
    {
        "model": "bookstack.book",
        "pk": 20,
        "fields": {
            "title": "19",
            "pages": 1729,
            "isbn": "00000000019",
            "img": "",
            "authors": [
                1
            ],
            "publishers": [
                1
            ]
        }
    },
    {
        "model": "bookstack.book",
        "pk": 21,
        "fields": {
            "title": "20",
            "pages": 1729,
            "isbn": "00000000020",
            "img": "",
            "authors": [
                1
            ],
            "publishers": [
                1
            ]
        }
    },
    {
        "model": "bookstack.book",
        "pk": 22,
        "fields": {
            "title": "21",
            "pages": 1729,
            "isbn": "00000000021",
            "img": "",
            "authors": [
                1
            ],
            "publishers": [
                1
            ]
        }
    },
    {
        "model": "bookstack.book",
        "pk": 23,
        "fields": {
            "title": "22",
            "pages": 1729,
            "isbn": "00000000022",
            "img": "",
            "authors": [
                1
            ],
            "publishers": [
                1
            ]
        }
    },
    {
        "model": "bookstack.book",
        "pk": 24,
        "fields": {
            "title": "23",
            "pages": 1729,
            "isbn": "00000000023",
            "img": "",
            "authors": [
                1
            ],
            "publishers": [
                1
            ]
        }
    },
    {
        "model": "bookstack.book",
        "pk": 25,
        "fields": {
            "title": "24",
            "pages": 1729,
            "isbn": "00000000024",
            "img": "",
            "authors": [
                1
            ],
            "publishers": [
                1
            ]
        }
    },
    {
        "model": "bookstack.book",
        "pk": 26,
        "fields": {
            "title": "25",
            "pages": 1729,
            "isbn": "00000000025",
            "img": "",
            "authors": [
                1
            ],
            "publishers": [
                1
            ]
        }
    },
    {
        "model": "bookstack.book",
        "pk": 27,
        "fields": {
            "title": "26",
            "pages": 1729,
            "isbn": "00000000026",
            "img": "",
            "authors": [
                1
            ],
            "publishers": [
                1
            ]
        }
    },
    {
        "model": "bookstack.book",
        "pk": 28,
        "fields": {
            "title": "27",
            "pages": 1729,
            "isbn": "00000000027",
            "img": "",
            "authors": [
                1
            ],
            "publishers": [
                1
            ]
        }
    },
    {
        "model": "bookstack.book",
        "pk": 29,
        "fields": {
            "title": "28",
            "pages": 1729,
            "isbn": "00000000028",
            "img": "",
            "authors": [
                1
            ],
            "publishers": [
                1
            ]
        }
    },
    {
        "model": "bookstack.book",
        "pk": 30,
        "fields": {
            "title": "29",
            "pages": 1729,
            "isbn": "00000000029",
            "img": "",
            "authors": [
                1
            ],
            "publishers": [
                1
            ]
        }
    },
    {
        "model": "bookstack.bookstack",
        "pk": 1,
        "fields": {
            "stack": 1,
            "book": 1,
            "read": false,
            "position": 1
        }
    },
    {
        "model": "bookstack.bookstack",
        "pk": 2,
        "fields": {
            "stack": 1,
            "book": 2,
            "read": false,
            "position": 2
        }
    },
    {
        "model": "bookstack.bookstack",
        "pk": 3,
        "fields": {
            "stack": 1,
            "book": 3,
            "read": false,
            "position": 3
        }
    },
    {
        "model": "bookstack.bookstack",
        "pk": 4,
        "fields": {
            "stack": 1,
            "book": 4,
            "read": false,
            "position": 4
        }
    },
    {
        "model": "bookstack.bookstack",
        "pk": 5,
        "fields": {
            "stack": 1,
            "book": 5,
            "read": false,
            "position": 5
        }
    },
    {
        "model": "bookstack.bookstack",
        "pk": 6,
        "fields": {
            "stack": 1,
            "book": 6,
            "read": false,
            "position": 6
        }
    },
    {
        "model": "bookstack.bookstack",
        "pk": 7,
        "fields": {
            "stack": 1,
            "book": 7,
            "read": false,
            "position": 7
        }
    },
    {
        "model": "bookstack.bookstack",
        "pk": 8,
        "fields": {
            "stack": 1,
            "book": 8,
            "read": false,
            "position": 8
        }
    },
    {
        "model": "bookstack.bookstack",
        "pk": 9,
        "fields": {
            "stack": 1,
            "book": 9,
            "read": false,
            "position": 9
        }
    },
    {
        "model": "bookstack.bookstack",
        "pk": 10,
        "fields": {
            "stack": 1,
            "book": 10,
            "read": false,
            "position": 10
        }
    },
    {
        "model": "bookstack.bookstack",
        "pk": 11,
        "fields": {
            "stack": 1,
            "book": 11,
            "read": false,
            "position": 11
        }
    },
    {
        "model": "bookstack.bookstack",
        "pk": 12,
        "fields": {
            "stack": 1,
            "book": 12,
            "read": false,
            "position": 12
        }
    },
    {
        "model": "bookstack.bookstack",
        "pk": 13,
        "fields": {
            "stack": 1,
            "book": 13,
            "read": false,
            "position": 13
        }
    },
    {
        "model": "bookstack.bookstack",
        "pk": 14,
        "fields": {
            "stack": 1,
            "book": 14,
            "read": false,
            "position": 14
        }
    },
    {
        "model": "bookstack.bookstack",
        "pk": 15,
        "fields": {
            "stack": 1,
            "book": 15,
            "read": false,
            "position": 15
        }
    },
    {
        "model": "bookstack.bookstack",
        "pk": 16,
        "fields": {
            "stack": 1,
            "book": 16,
            "read": false,
            "position": 16
        }
    },
    {
        "model": "bookstack.bookstack",
        "pk": 17,
        "fields": {
            "stack": 1,
            "book": 17,
            "read": false,
            "position": 17
        }
    },
    {
        "model": "bookstack.bookstack",
        "pk": 18,
        "fields": {
            "stack": 1,
            "book": 18,
            "read": false,
            "position": 18
        }
    },
    {
        "model": "bookstack.bookstack",
        "pk": 19,
        "fields": {
            "stack": 1,
            "book": 19,
            "read": false,
            "position": 19
        }
    },
    {
        "model": "bookstack.bookstack",
        "pk": 20,
        "fields": {
            "stack": 1,
            "book": 20,
            "read": false,
            "position": 20
        }
    },
    {
        "model": "bookstack.bookstack",
        "pk": 21,
        "fields": {
            "stack": 1,
            "book": 21,
            "read": false,
            "position": 21
        }
    },
    {
        "model": "bookstack.bookstack",
        "pk": 22,
        "fields": {
            "stack": 1,
            "book": 22,
            "read": false,
            "position": 22
        }
    },
    {
        "model": "bookstack.bookstack",
        "pk": 23,
        "fields": {
            "stack": 1,
            "book": 23,
            "read": false,
            "position": 23
        }
    },
    {
        "model": "bookstack.bookstack",
        "pk": 24,
        "fields": {
            "stack": 1,
            "book": 24,
            "read": false,
            "position": 24
        }
    },
    {
        "model": "bookstack.bookstack",
        "pk": 25,
        "fields": {
            "stack": 1,
            "book": 25,
            "read": false,
            "position": 25
        }
    },
    {
        "model": "bookstack.bookstack",
        "pk": 26,
        "fields": {
            "stack": 1,
            "book": 26,
            "read": false,
            "position": 26
        }
    },
    {
        "model": "bookstack.bookstack",
        "pk": 27,
        "fields": {
            "stack": 1,
            "book": 27,
            "read": false,
            "position": 27
        }
    },
    {
        "model": "bookstack.bookstack",
        "pk": 28,
        "fields": {
            "stack": 1,
            "book": 28,
            "read": false,
            "position": 28
        }
    },
    {
        "model": "bookstack.bookstack",
        "pk": 29,
        "fields": {
            "stack": 1,
            "book": 29,
            "read": false,
            "position": 29
        }
    },
    {
        "model": "bookstack.bookstack",
        "pk": 30,
        "fields": {
            "stack": 1,
            "book": 30,
            "read": false,
            "position": 30
        }
    },
    {
        "model": "bookstack.category",
        "pk": 1,
        "fields": {
            "category": "Bar"
        }
    },
    {
        "model": "bookstack.category",
        "pk": 2,
        "fields": {
            "category": "Foo"
        }
    },
    {
        "model": "bookstack.category",
        "pk": 3,
        "fields": {
            "category": "Baz"
        }
    },
    {
        "model": "bookstack.category",
        "pk": 4,
        "fields": {
            "category": "Qux"
        }
    },
    {
        "model": "bookstack.bookstackcategory",
        "pk": 1,
        "fields": {
            "bookstack": 1,
            "category": 1
        }
    },
    {
        "model": "bookstack.bookstackcategory",
        "pk": 2,
        "fields": {
            "bookstack": 1,
            "category": 2
        }
    },
    {
        "model": "bookstack.bookstackcategory",
        "pk": 3,
        "fields": {
            "bookstack": 1,
            "category": 3
        }
    },
    {
        "model": "bookstack.bookstackcategory",
        "pk": 4,
        "fields": {
            "bookstack": 1,
            "category": 4
        }
    },
    {
        "model": "bookstack.bookstackcategory",
        "pk": 5,
        "fields": {
            "bookstack": 2,
            "category": 1
        }
    },
    {
        "model": "bookstack.bookstackcategory",
        "pk": 6,
        "fields": {
            "bookstack": 2,
            "category": 2
        }
    },
    {
        "model": "bookstack.bookstackcategory",
        "pk": 7,
        "fields": {
            "bookstack": 2,
            "category": 3
        }
    },
    {
        "model": "bookstack.bookstackcategory",
        "pk": 8,
        "fields": {
            "bookstack": 2,
            "category": 4
        }
    },
    {
        "model": "bookstack.bookstackcategory",
        "pk": 9,
        "fields": {
            "bookstack": 3,
            "category": 1
        }
    },
    {
        "model": "bookstack.bookstackcategory",
        "pk": 10,
        "fields": {
            "bookstack": 3,
            "category": 2
        }
    },
    {
        "model": "bookstack.bookstackcategory",
        "pk": 11,
        "fields": {
            "bookstack": 3,
            "category": 3
        }
    },
    {
        "model": "bookstack.bookstackcategory",
        "pk": 12,
        "fields": {
            "bookstack": 3,
            "category": 4
        }
    },
    {
        "model": "bookstack.bookstackcategory",
        "pk": 13,
        "fields": {
            "bookstack": 4,
            "category": 1
        }
    },
    {
        "model": "bookstack.bookstackcategory",
        "pk": 14,
        "fields": {
            "bookstack": 4,
            "category": 2
        }
    },
    {
        "model": "bookstack.bookstackcategory",
        "pk": 15,
        "fields": {
            "bookstack": 4,
            "category": 3
        }
    },
    {
        "model": "bookstack.bookstackcategory",
        "pk": 16,
        "fields": {
            "bookstack": 4,
            "category": 4
        }
    },
    {
        "model": "bookstack.bookstackcategory",
        "pk": 17,
        "fields": {
            "bookstack": 5,
            "category": 1
        }
    },
    {
        "model": "bookstack.bookstackcategory",
        "pk": 18,
        "fields": {
            "bookstack": 5,
            "category": 2
        }
    },
    {
        "model": "bookstack.bookstackcategory",
        "pk": 19,
        "fields": {
            "bookstack": 5,
            "category": 3
        }
    },
    {
        "model": "bookstack.bookstackcategory",
        "pk": 20,
        "fields": {
            "bookstack": 5,
            "category": 4
        }
    },
    {
        "model": "bookstack.bookstackcategory",
        "pk": 21,
        "fields": {
            "bookstack": 6,
            "category": 1
        }
    },
    {
        "model": "bookstack.bookstackcategory",
        "pk": 22,
        "fields": {
            "bookstack": 6,
            "category": 2
        }
    },
    {
        "model": "bookstack.bookstackcategory",
        "pk": 23,
        "fields": {
            "bookstack": 6,
            "category": 3
        }
    },
    {
        "model": "bookstack.bookstackcategory",
        "pk": 24,
        "fields": {
            "bookstack": 6,
            "category": 4
        }
    },
    {
        "model": "bookstack.bookstackcategory",
        "pk": 25,
        "fields": {
            "bookstack": 7,
            "category": 1
        }
    },
    {
        "model": "bookstack.bookstackcategory",
        "pk": 26,
        "fields": {
            "bookstack": 7,
            "category": 2
        }
    },
    {
        "model": "bookstack.bookstackcategory",
        "pk": 27,
        "fields": {
            "bookstack": 7,
            "category": 3
        }
    },
    {
        "model": "bookstack.bookstackcategory",
        "pk": 28,
        "fields": {
            "bookstack": 7,
            "category": 4
        }
    },
    {
        "model": "bookstack.bookstackcategory",
        "pk": 29,
        "fields": {
            "bookstack": 8,
            "category": 1
        }
    },
    {
        "model": "bookstack.bookstackcategory",
        "pk": 30,
        "fields": {
            "bookstack": 8,
            "category": 2
        }
    },
    {
        "model": "bookstack.bookstackcategory",
        "pk": 31,
        "fields": {
            "bookstack": 8,
            "category": 3
        }
    },
    {
        "model": "bookstack.bookstackcategory",
        "pk": 32,
        "fields": {
            "bookstack": 8,
            "category": 4
        }
    },
    {
        "model": "bookstack.bookstackcategory",
        "pk": 33,
        "fields": {
            "bookstack": 9,
            "category": 1
        }
    },
    {
        "model": "bookstack.bookstackcategory",
        "pk": 34,
        "fields": {
            "bookstack": 9,
            "category": 2
        }
    },
    {
        "model": "bookstack.bookstackcategory",
        "pk": 35,
        "fields": {
            "bookstack": 9,
            "category": 3
        }
    },
    {
        "model": "bookstack.bookstackcategory",
        "pk": 36,
        "fields": {
            "bookstack": 9,
            "category": 4
        }
    },
    {
        "model": "bookstack.bookstackcategory",
        "pk": 37,
        "fields": {
            "bookstack": 10,
            "category": 1
        }
    },
    {
        "model": "bookstack.bookstackcategory",
        "pk": 38,
        "fields": {
            "bookstack": 10,
            "category": 2
        }
    },
    {
        "model": "bookstack.bookstackcategory",
        "pk": 39,
        "fields": {
            "bookstack": 10,
            "category": 3
        }
    },
    {
        "model": "bookstack.bookstackcategory",
        "pk": 40,
        "fields": {
            "bookstack": 10,
            "category": 4
        }
    },
    {
        "model": "bookstack.bookstackcategory",
        "pk": 41,
        "fields": {
            "bookstack": 11,
            "category": 1
        }
    },
    {
        "model": "bookstack.bookstackcategory",
        "pk": 42,
        "fields": {
            "bookstack": 11,
            "category": 2
        }
    },
    {
        "model": "bookstack.bookstackcategory",
        "pk": 43,
        "fields": {
            "bookstack": 11,
            "category": 3
        }
    },
    {
        "model": "bookstack.bookstackcategory",
        "pk": 44,
        "fields": {
            "bookstack": 11,
            "category": 4
        }
    },
    {
        "model": "bookstack.bookstackcategory",
        "pk": 45,
        "fields": {
            "bookstack": 12,
            "category": 1
        }
    },
    {
        "model": "bookstack.bookstackcategory",
        "pk": 46,
        "fields": {
            "bookstack": 12,
            "category": 2
        }
    },
    {
        "model": "bookstack.bookstackcategory",
        "pk": 47,
        "fields": {
            "bookstack": 12,
            "category": 3
        }
    },
    {
        "model": "bookstack.bookstackcategory",
        "pk": 48,
        "fields": {
            "bookstack": 12,
            "category": 4
        }
    },
    {
        "model": "bookstack.bookstackcategory",
        "pk": 49,
        "fields": {
            "bookstack": 13,
            "category": 1
        }
    },
    {
        "model": "bookstack.bookstackcategory",
        "pk": 50,
        "fields": {
            "bookstack": 13,
            "category": 2
        }
    },
    {
        "model": "bookstack.bookstackcategory",
        "pk": 51,
        "fields": {
            "bookstack": 13,
            "category": 3
        }
    },
    {
        "model": "bookstack.bookstackcategory",
        "pk": 52,
        "fields": {
            "bookstack": 13,
            "category": 4
        }
    },
    {
        "model": "bookstack.bookstackcategory",
        "pk": 53,
        "fields": {
            "bookstack": 14,
            "category": 1
        }
    },
    {
        "model": "bookstack.bookstackcategory",
        "pk": 54,
        "fields": {
            "bookstack": 14,
            "category": 2
        }
    },
    {
        "model": "bookstack.bookstackcategory",
        "pk": 55,
        "fields": {
            "bookstack": 14,
            "category": 3
        }
    },
    {
        "model": "bookstack.bookstackcategory",
        "pk": 56,
        "fields": {
            "bookstack": 14,
            "category": 4
        }
    },
    {
        "model": "bookstack.bookstackcategory",
        "pk": 57,
        "fields": {
            "bookstack": 15,
            "category": 1
        }
    },
    {
        "model": "bookstack.bookstackcategory",
        "pk": 58,
        "fields": {
            "bookstack": 15,
            "category": 2
        }
    },
    {
        "model": "bookstack.bookstackcategory",
        "pk": 59,
        "fields": {
            "bookstack": 15,
            "category": 3
        }
    },
    {
        "model": "bookstack.bookstackcategory",
        "pk": 60,
        "fields": {
            "bookstack": 15,
            "category": 4
        }
    },
    {
        "model": "bookstack.bookstackcategory",
        "pk": 61,
        "fields": {
            "bookstack": 16,
            "category": 1
        }
    },
    {
        "model": "bookstack.bookstackcategory",
        "pk": 62,
        "fields": {
            "bookstack": 16,
            "category": 2
        }
    },
    {
        "model": "bookstack.bookstackcategory",
        "pk": 63,
        "fields": {
            "bookstack": 16,
            "category": 3
        }
    },
    {
        "model": "bookstack.bookstackcategory",
        "pk": 64,
        "fields": {
            "bookstack": 16,
            "category": 4
        }
    },
    {
        "model": "bookstack.bookstackcategory",
        "pk": 65,
        "fields": {
            "bookstack": 17,
            "category": 1
        }
    },
    {
        "model": "bookstack.bookstackcategory",
        "pk": 66,
        "fields": {
            "bookstack": 17,
            "category": 2
        }
    },
    {
        "model": "bookstack.bookstackcategory",
        "pk": 67,
        "fields": {
            "bookstack": 17,
            "category": 3
        }
    },
    {
        "model": "bookstack.bookstackcategory",
        "pk": 68,
        "fields": {
            "bookstack": 17,
            "category": 4
        }
    },
    {
        "model": "bookstack.bookstackcategory",
        "pk": 69,
        "fields": {
            "bookstack": 18,
            "category": 1
        }
    },
    {
        "model": "bookstack.bookstackcategory",
        "pk": 70,
        "fields": {
            "bookstack": 18,
            "category": 2
        }
    },
    {
        "model": "bookstack.bookstackcategory",
        "pk": 71,
        "fields": {
            "bookstack": 18,
            "category": 3
        }
    },
    {
        "model": "bookstack.bookstackcategory",
        "pk": 72,
        "fields": {
            "bookstack": 18,
            "category": 4
        }
    },
    {
        "model": "bookstack.bookstackcategory",
        "pk": 73,
        "fields": {
            "bookstack": 19,
            "category": 1
        }
    },
    {
        "model": "bookstack.bookstackcategory",
        "pk": 74,
        "fields": {
            "bookstack": 19,
            "category": 2
        }
    },
    {
        "model": "bookstack.bookstackcategory",
        "pk": 75,
        "fields": {
            "bookstack": 19,
            "category": 3
        }
    },
    {
        "model": "bookstack.bookstackcategory",
        "pk": 76,
        "fields": {
            "bookstack": 19,
            "category": 4
        }
    },
    {
        "model": "bookstack.bookstackcategory",
        "pk": 77,
        "fields": {
            "bookstack": 20,
            "category": 1
        }
    },
    {
        "model": "bookstack.bookstackcategory",
        "pk": 78,
        "fields": {
            "bookstack": 20,
            "category": 2
        }
    },
    {
        "model": "bookstack.bookstackcategory",
        "pk": 79,
        "fields": {
            "bookstack": 20,
            "category": 3
        }
    },
    {
        "model": "bookstack.bookstackcategory",
        "pk": 80,
        "fields": {
            "bookstack": 20,
            "category": 4
        }
    },
    {
        "model": "bookstack.author",
        "pk": 1,
        "fields": {
            "name": "David Lo Pan"
        }
    },
    {
        "model": "bookstack.publisher",
        "pk": 1,
        "fields": {
            "name": "Wing Kong Trading Company"
        }
    },
    {
        "model": "auth.user",
        "pk": 1,
        "fields": {
            "password": "",
            "last_login": null,
            "is_superuser": false,
            "username": "TEST",
            "first_name": "",
            "last_name": "",
            "email": "",
            "is_staff": false,
            "is_active": true,
            "date_joined": "2018-04-03T16:49:38.519Z",
            "groups": [],
            "user_permissions": []
        }
    },
    {
        "model": "bookstack.stack",
        "pk": 1,
        "fields": {
            "name": "One",
            "private": false,
            "user": 1,
            "creation_date": "2018-04-03T16:49:38.638Z"
        }
    }
]
